{
  "version": 1,
  "author": "erik garcia",
  "editor": "wokwi",
  "parts": [
    { "type": "wokwi-arduino-mega", "id": "mega", "top": 0.6, "left": -3.6, "attrs": {} },
    {
      "type": "wokwi-pushbutton-6mm",
      "id": "btn1",
      "top": 122.6,
      "left": 710.4,
      "attrs": { "color": "green", "xray": "1" }
    },
    { "type": "wokwi-7segment", "id": "sevseg1", "top": 72.18, "left": 475.48, "attrs": {} }
  ],
  "connections": [
    [ "sevseg1:DP", "mega:22", "green", [ "v19.2", "h-86.4", "v-134.4" ] ],
    [ "sevseg1:G", "mega:23", "red", [ "v0" ] ],
    [ "sevseg1:F", "mega:24", "orange", [ "v0" ] ],
    [ "sevseg1:E", "mega:25", "gold", [ "v9.6", "h-28.8", "v-115.2" ] ],
    [ "sevseg1:D", "mega:26", "#8f4814", [ "v9.6", "h-67.2", "v-115.2" ] ],
    [ "sevseg1:C", "mega:27", "red", [ "v28.8", "h-67.2", "v-134.4" ] ],
    [ "sevseg1:A", "mega:29", "magenta", [ "v-27.96", "h-115.2" ] ],
    [ "sevseg1:B", "mega:28", "blue", [ "v-18.36", "h-115.2" ] ],
    [ "sevseg1:COM.2", "mega:5V.2", "red", [ "h0", "v-66.36" ] ]
  ],
  "dependencies": {}
}