{
  "version": 1,
  "author": "erik garcia",
  "editor": "wokwi",
  "parts": [
    { "type": "wokwi-arduino-mega", "id": "mega", "top": 0.6, "left": -3.6, "attrs": {} },
    { "type": "wokwi-led", "id": "led1", "top": 351.6, "left": 80.6, "attrs": { "color": "red" } },
    {
      "type": "wokwi-led",
      "id": "led2",
      "top": 351.6,
      "left": 147.8,
      "attrs": { "color": "green" }
    },
    {
      "type": "wokwi-led",
      "id": "led3",
      "top": 351.6,
      "left": 291.8,
      "attrs": { "color": "yellow" }
    },
    { "type": "wokwi-led", "id": "led4", "top": 351.6, "left": 215, "attrs": { "color": "blue" } },
    {
      "type": "wokwi-led",
      "id": "led5",
      "top": 351.6,
      "left": 407,
      "attrs": { "color": "white" }
    },
    {
      "type": "wokwi-led",
      "id": "led6",
      "top": 351.6,
      "left": 359,
      "attrs": { "color": "orange" }
    },
    { "type": "wokwi-led", "id": "led7", "top": 351.6, "left": 503, "attrs": { "color": "cyan" } },
    {
      "type": "wokwi-led",
      "id": "led8",
      "top": 351.6,
      "left": 455,
      "attrs": { "color": "purple" }
    },
    {
      "type": "wokwi-resistor",
      "id": "r1",
      "top": 264,
      "left": 143.45,
      "rotate": 90,
      "attrs": { "value": "1000" }
    },
    {
      "type": "wokwi-resistor",
      "id": "r2",
      "top": 264,
      "left": 181.85,
      "rotate": 90,
      "attrs": { "value": "1000" }
    },
    {
      "type": "wokwi-resistor",
      "id": "r3",
      "top": 264,
      "left": 220.25,
      "rotate": 90,
      "attrs": { "value": "1000" }
    },
    {
      "type": "wokwi-resistor",
      "id": "r4",
      "top": 264,
      "left": 268.25,
      "rotate": 90,
      "attrs": { "value": "1000" }
    },
    {
      "type": "wokwi-pushbutton",
      "id": "btn1",
      "top": 207.8,
      "left": 451.2,
      "attrs": { "color": "green", "xray": "" }
    },
    { "type": "wokwi-led", "id": "led9", "top": -138, "left": 99.8, "attrs": { "color": "red" } },
    {
      "type": "wokwi-resistor",
      "id": "r5",
      "top": -52.8,
      "left": 95.45,
      "rotate": 90,
      "attrs": { "value": "1000" }
    }
  ],
  "connections": [
    [ "r1:1", "mega:A0", "green", [ "h0", "v-28.8", "h28.8" ] ],
    [ "r2:1", "mega:A1", "green", [ "h0", "v-19.2", "h9.6" ] ],
    [ "r3:1", "mega:A2", "green", [ "h0", "v-19.2", "h-19.2" ] ],
    [ "r4:1", "mega:A3", "green", [ "h-28.8", "v-28.8", "h-28.8" ] ],
    [ "r2:2", "led1:A", "red", [ "h0", "v27.6", "h-153.6", "v86.4", "h48" ] ],
    [ "r1:2", "led1:C", "red", [ "h0", "v18", "h-96", "v86.4" ] ],
    [ "r1:2", "led2:A", "green", [ "h-124.8", "v123.6", "h115.2", "v0", "h9.6" ] ],
    [ "r2:2", "led2:C", "green", [ "h0", "v37.2", "h-57.6", "v57.6" ] ],
    [ "r2:2", "led4:C", "blue", [ "h0", "v94.8" ] ],
    [ "r3:2", "led4:A", "blue", [ "h0", "v94.8" ] ],
    [ "r2:2", "led3:A", "gold", [ "h0", "v37.2", "h76.8", "v67.2", "h28.8" ] ],
    [ "r3:2", "led3:C", "gold", [ "h19.2", "v114", "h38.4" ] ],
    [ "r1:2", "led6:A", "orange", [ "h9.6", "v142.8", "h182.4" ] ],
    [ "r3:2", "led6:C", "orange", [ "h0", "v27.6", "h96", "v86.4", "h28.8" ] ],
    [ "r1:2", "led5:C", "white", [ "h-38.4", "v162", "h297.6" ] ],
    [ "led5:A", "r3:2", "white", [ "v76.8", "h-96", "v-134.4", "h-57.6", "v-28.8" ] ],
    [ "r3:2", "led8:C", "purple", [ "h9.6", "v181.2", "h201.6" ] ],
    [ "r4:2", "led8:A", "purple", [ "h153.6", "v114", "h38.4" ] ],
    [ "led7:C", "r4:2", "cyan", [ "v19.2", "h-9.2", "v-115.2", "h-9.6" ] ],
    [ "led7:A", "r3:2", "cyan", [ "v38.4", "h-38.4", "v-144", "h-163.2", "v19.2", "h-86.4" ] ],
    [ "mega:A6", "btn1:1.l", "green", [ "v17.1", "h175.6" ] ],
    [ "mega:A7", "btn1:2.l", "green", [ "v36.3", "h137.3", "v9.6" ] ],
    [ "mega:13", "r5:2", "green", [ "v0" ] ],
    [ "r5:1", "led9:A", "green", [ "h0" ] ],
    [ "led9:C", "mega:GND.1", "green", [ "v0" ] ]
  ],
  "dependencies": {}
}